name,tag,avg_cost,description,lat,lon,address,opening_hours,image_url1,image_url2,rating,reviews,extra_website
Cơm Niêu Sài Gòn,vietnamese,400000,"Cơm gia đình Việt Nam, có đầy đủ các món ",10.782404191275129,106.68793199946889,27 Tú Xương Phường Võ Thị Sáu Quận 3,6:00-23:30,https://lh3.googleusercontent.com/p/AF1QipNdajAL_oRbp7020-TZmF741E5qfSbmSgCc8_3P=w408-h271-k-no,https://lh3.googleusercontent.com/gps-cs-s/AG0ilSw19MsZ0aBND4DyoTO37L5bo05TYbwkiaXYRh88fPLGzYCmh8XUdg2fshYtKbUp9oxhhwu4zHgJxhMSw3lgGf84qsEp1Ym110tIL8wIjDYc8I2-9BU-wOI4J1XZRnVFq9qz-lcCpaKD-De-=w224-h398-k-no,4.2,3049,
Sushi Hokkaido Sachi,japanese,800000,Đồ nhật bản cao cấp,10.769315627415267,106.69039708259889,139 A-B Nguyễn Trãi Phường Phạm Ngũ Lão Quận 1,10:30-23:00,https://lh3.googleusercontent.com/p/AF1QipPXUjSoWgjYLgSnA_Qy8ish2IIitDRLFW-53Pvh=w408-h446-k-no,https://lh3.googleusercontent.com/gps-cs-s/AG0ilSyZuFSNxqxsRyPD22CjpX5FQxk53KorIwOXIRkO08TPCPaU8hp1GcrhP6X7Vv9_uAJo03YpOp8Af1AVGMpgrK0rqwwDWDr5P26nU6qNkCNbgZCP1tZB07lFTyITLHibGt3oGlsE=w224-h224-p-k-no,4.4,2176,
Ẩm thực quê nhà,vietnamese,300000,"offers a diverse menu, delicious and unique dishes thanks to the combination of pure Vietnamese flavors and the restaurant's very own personality.",10.769409366628055,106.66623570958332,05 Thành Thái Phường 14 Quận 10,9:00-23:00,https://lh3.googleusercontent.com/p/AF1QipPr8HMRzD_-RCnpBz91y99SNZG8XW1CqTttJGmR=w408-h262-k-no,https://cdn.pastaxi-manager.onepas.vn/content/uploads/articles/lent/amthucquenhathanhthai/nha-hang-am-thuc-que-nha-thanh-thai-1.jpg,4.1,994,
Ghiền bánh canh,vietnamese,80000,many kinds of Vietnamese noodle soup,10.773218021415483,106.67899316540361,460 Điện Biên Phủ Phường 10 Quận 10,6:00-22:00,https://lh3.googleusercontent.com/gps-cs-s/AG0ilSzygg2epKL-uPps0i6gEzg6fdyDf5uVuCb2ztE1mAlHDKPQjwG4XJa_XApzB_wXfSzr6U5HaJapDctB-NiJPBzkC8zjqggATVE806K0LNxqubWadYlHeicw7DxjG1NZt-XWDy3onQ=w408-h544-k-no,https://lh3.googleusercontent.com/gps-cs-s/AG0ilSx13AwrdiNUUftgKJR0AsN6Ku0UiJvI6bHEn6dQQIBExZcGtxFFBhJhNLavdLXu031R7kfiTdTxU-ptokGsAgytiOKQOAtuuoEo1qV2XUEK43xhpAgLM_Y9RDd-tIUAxMz6ulMZYA5mKZEV=w224-h224-p-k-no,4.2,142,
Quán bánh canh ghẹ muối ớt xanh,vietnamese,150000,The highlight of this restaurant is homemade noodle soup and fresh seafood imported from Phu Quoc.,10.773061236859517,106.67901047589744,484 Nguyễn Tri Phương phường 9 quận 10,9:00-22:30,https://lh3.googleusercontent.com/p/AF1QipMEs6uzw6FeEbmTe2vObL36FUrQ-dgVFBOBnrv0=w408-h543-k-no,https://cdn.pastaxi-manager.onepas.vn/content/uploads/articles/S%C3%A1ng%20%20Mkt/%E1%BA%A2nh%20%C4%91%C4%83ng%20T11-2023/Qu%C3%A1n%20%C4%83n%20ngon%20S%C3%A0i%20G%C3%B2n/quan-an-ngon-Sai-Gon-banh-canh-ghe-muoi-ot.jpg,3.8,1002,
Hoàng’s Kitchen,fine-dining,150000,Modern Vietnamese & vegan-friendly dishes in a stylish space,10.774076242461827,106.69833326725515,122 Lê Thánh Tôn Phường Bến Thành Quận 1,10:00-23:00,https://hoangskitchen.com/wp-content/uploads/2024/07/1-1024x740.png,https://hoangskitchen.com/wp-content/uploads/2024/07/6.png,5,2684,
Bếp Mẹ Ỉn,vietnamese,150000,Traditional home-style Vietnamese food with a lively ambience,10.774120182139601,106.69805833841924,136/9 Lê Thánh Tôn P. Bến Thành,10:30-23:00,https://lh3.googleusercontent.com/p/AF1QipN5picsSeIMc0GZJ9i837fQgWDhd8wYYeUdHjqy=w408-h306-k-no,https://lh3.googleusercontent.com/p/AF1QipNHinQsR9QmQM343bma1QdqUm5q0Ag45oMp66BV=w224-h224-p-k-no,4.5,9286,
Den Long,vietnamese,100000,Rooftop Vietnamese restaurant with lanterns and a view,10.770023545163822,106.6907059519115,"130 Nguyễn Trãi, P. Bến Thành, Q1",11:00-22:00,https://static.wixstatic.com/media/4013cc_6f5cefe05f414620b4de152e2e6f3d73~mv2.jpg/v1/fill/w_640%2Ch_650%2Cal_c%2Cq_85%2Cusm_0.66_1.00_0.01%2Cenc_avif%2Cquality_auto/4013cc_6f5cefe05f414620b4de152e2e6f3d73~mv2.jpg,https://static.wixstatic.com/media/4013cc_27dbf4e977bb495888ce09a67411a88e~mv2.jpg/v1/crop/x_180%2Cy_0%2Cw_1080%2Ch_1080/fill/w_320%2Ch_320%2Cal_c%2Cq_80%2Cusm_0.66_1.00_0.01%2Cenc_avif%2Cquality_auto/IMG_2783_JPG.jpg,4.6,3033,
Cloud Nine Restaurant Sai Gon,fine-dining,1000000,"Fine dining on 11th floor, mixing international & local flavours",10.773526021080986,106.6956890249272,180-188 Lý Tự Trọng P. Bến Thành Q1,6:00-22:15,https://lasiestahotels.com/saigon/wp-content/uploads/2023/06/CNR_BREAKFAST_4-2000.jpg,https://dynamic-media-cdn.tripadvisor.com/media/photo-o/2e/21/76/d2/dining.jpg?h=500&s=1&w=900,4.9,400,
Cơm Tấm Ba Ghiền,vietnamese,80000,"Classic Saigon broken rice shop, local staple",10.794758359006101,106.66926333656785,84 Đặng Văn Ngữ,6:00-22:00,https://cdn2.tuoitre.vn/thumb_w/1200/471584752817336320/2023/6/7/com-tam-ba-ghien-1-16861496112601460952627-9-0-1056-2000-crop-1686150543059264631767.jpg,https://mia.vn/media/uploads/blog-du-lich/com-tam-ba-ghien-13-1729128577.jpg,3.9,733,
Pandan Leaf Saigon Restaurant & Rooftop Bar,vietnamese,300000,Vietnamese cuisine with view from rooftop bar,10.76974376637028,106.69578880958335,107 Phạm Ngũ Lão P. Bến Thành Q1,9:00-23:00,https://media-cdn.tripadvisor.com/media/photo-m/1280/2c/c5/94/77/cute-facade-of-pandan.jpg,https://dynamic-media-cdn.tripadvisor.com/media/photo-o/31/70/a2/bb/caption.jpg?h=1200&s=1&w=1200,4.9,3550,
Cyclo Resto,vietnamese,200000,Vietnamese food in a charming colonial-style building,10.7733945225158,106.6939941384193,133 Nguyễn Du P. Bến Thành Q1,9:00-22:00,https://dynamic-media-cdn.tripadvisor.com/media/photo-o/04/a7/62/83/cyclo-resto-company-limited.jpg?h=-1&s=1&w=500,https://cycloresto.vn/wp-content/uploads/2022/06/cyclo-resto-restaurant-in-ho-chi-minh-city-banner-2-1200x800.jpg,4.7,1700,
Vị Sài Gòn Restaurant & Café,vietnamese,200000,Stylish Vietnamese dishes + café setting,10.777304579349503,106.68853252307557,254 Bis Nguyễn Đình Chiểu P. Võ Thị Sáu Q3,10:00-22:00,https://visaigon.com.vn/wp-content/uploads/2024/04/1712682112.jpeg,https://dynamic-media-cdn.tripadvisor.com/media/photo-o/2c/60/d2/2a/welcome-to-v-sai-gon.jpg?h=500&s=1&w=900,4.7,1542,
Poke Saigon,casual dining,180000,Hawaiian poke bowls in the heart of Saigon,10.774306243732962,106.70401689423959,"42 Nguyễn Huệ, Bến Nghé, Q1",10:00-22:30,https://dynamic-media-cdn.tripadvisor.com/media/photo-o/12/4e/6b/96/our-salmon-poke-bowl.jpg?h=500&s=1&w=900,https://www.vibrantlyvietnam.com/wp-content/uploads/2019/07/poke-saigon-restaurant-review-ho-chi-minh-vietnam-poke-bar-2.jpg,4.8,2322,
Tanaka Tei,japanese,300000,Sophisticated Japanese dining with authentic flavours,10.800988297346295,106.6434650249274,5 Bàu Bàng P.13 Q.Tân Bìn,11:00-14:00,https://static.wixstatic.com/media/e43838_98b08af8ef2743a9a9f470115031535a~mv2.jpg,https://mms.img.susercontent.com/vn-11134513-7r98o-lsvgeehr129wb1%40resize_ss1242x600%21%40crop_w1242_h600_cT,4.4,566,
Home Saigon Restaurant,casual dining,300000,Modern Vietnamese fine-casual in a colonial villa,10.783936901761455,106.68963562687844,216/4 Điện Biên Phủ P. Võ Thị Sáu Q3,10:00-21:00,https://homesaigon.info/f/634546cf1fbb14c2a8abc986dba3da6e-DIM2_30102022_113_cb8306.jpg,https://homevietnameserestaurants.com/wp-content/uploads/2023/09/HOME-Saigon-1st-floor-Interior-scaled.jpg,4.8,1615,
Cục gạch quán,vietnamese,200000,Classic Vietnamese dishes in a nostalgic vintage house,10.793191777803097,106.68905181143514,10 Đặng Tất (Trần Nhật Duật) Q3,9:00-23:00,https://axwwgrkdco.cloudimg.io/v7/__gmpics3__/adf4f51d94be4a2a943e839f6479bdaa.jpeg?h=300&org_if_sml=1&w=300,https://live2makan.com/wp-content/uploads/2022/09/l2m-vn-2207-cucgachquan-16.jpg,4.3,3985,
ANAN Saigon,vietnamese,1000000,New Vietnamese tasting menu from a top chef,10.771981944223102,106.7027964365677,89 Tôn Thất Đạm Bến Nghé,17:00-23:00,https://lh3.googleusercontent.com/gps-cs-s/AG0ilSzB3TbJFLswU7BxiJIv3hEh1PgmNiu8-KeUk3Lc6vsDJLR6dGIySSkUM9JtslDd4X7qNNgPv0cqHKG99P6aNrX_tpOdUQ3sOg7XZg6DfOBZbwfxo0W6urTsHxbWwAwrOk9mSnil1IlyuPY=w224-h224-p-k-no,https://lh3.googleusercontent.com/gps-cs-s/AG0ilSz6UOvpok3GAb_NhymOxIhpkzBDRpmkklWNmy9TEyzw-HXcwiYUpOV-vBZP0ZvYb-n2ZTsNVOMJ0ZBlRTdFvL_oTUCvvfpohdFx098EKXyojoi6cIoWvmGbmiNtXL0dwHNdb2ePaQ=w408-h544-k-no,4,2066,
Lẩu Bò Hồ Bá Kiện,vietnamese,150000,"Vietnamese beef hot-pot, casual local style",10.783596694547713,106.66639992847527,162/3 Hồ Bá Kiện Q10,15:30-23:00,https://lh3.googleusercontent.com/gps-cs-s/AG0ilSw9AKL9SQYRE1rvA9gvkMwCnlcvyEBLor5LknUqF1caKrbMeVS_n-OIGO3Lr_TbhYe70-Anl3jx9o0BR0IG01BFw-fNFZqkljmQeujyKTKnjasL77bjKENI-sKRYNh2NUie9Bl0=w426-h240-k-no,https://lh3.googleusercontent.com/gps-cs-s/AG0ilSzqkd-ZFtDgz77SiDo2qc1pgVzLGFDruhWP3-jRV3_LssFVXJ1i-LGAQ28bEF8JmPl147IIFV4U-FL1BSG7jf6HVYW86Tnvy28fHaym_dJ1MiVNL59gmCSBxCLw5_vnE4RhuFY=w224-h224-p-k-no,3.9,822,
Tung Garden ,chinese,500000,Cantonese fine dining in a sophisticated setting,10.796494123588182,106.67315723841953,253 Đ. Nguyễn Văn Trỗi Phú Nhuận,10:00-21:30,https://lh3.googleusercontent.com/gps-cs-s/AG0ilSxzg7I8B56z4CML5BMpnHUb_TIVEonUEnL5MpHUJo15w4g06HoBLhvEp5aEm1fCpEASYkwAWsS8zdV_QAnXXvHs6k0ESHKR7N08FHFSoBxQ8k8-iZ6etewfRx9-PPKfIicR-V3nNg=w224-h224-p-k-no,https://lh3.googleusercontent.com/gps-cs-s/AG0ilSwJ0vpzjBzrsRV2BBxdOPiB3iH3mlUZxONa2zkvcLvVq-pIW5bpWvt_f7ODxMacsWdyzwcFWgaVvSmNlmCCfdvqhIv3o-nK3Uo1Goj7xXpAOMjFmLu4RJn3g3pe-dKQpiafcU2I=w224-h398-k-no,4.4,322,
Tre Eatery & Bar,Fusion,100000,"Known for signature dishes and local flavors, offering consistently flavorful dining.",10.788836367070138,106.70228008650713,"12J Nguyễn Thị Minh Khai, Đa Kao, Quận 1, Thành phố Hồ Chí Minh 700000",17:00-23:30,https://lh3.googleusercontent.com/gps-cs-s/AG0ilSwkew-OhEqdcuqDXjZnKiu5vBhPKMSkBGFxwJ4bU7n9RQAR2hs7lR9SWKSaWSiS4Nywbxh2i3b9wlTTcbIbHFQtzMmDQYjCEW24AR1eJtsGPjHSNsQrTCM9rXlS-GUgut7t1kZo2w=w408-h306-k-no,https://lh3.googleusercontent.com/p/AF1QipNlaWfDS62JyJYujNzFqx6MHX1VohEQ1-8SpGTk=w453-h240-k-no,4.9,51,
Laang SaiGon Central,Vietnamese,200000,Vietnamese dishes meets herbal flavors in dishes crafted to satisfy every guest.,10.781497279839012,106.70629859814844,"18 Ngô Văn Năm, Bến Nghé, Quận 1, Thành phố Hồ Chí Minh 70000",7:00-23:00,https://images.weserv.nl/?url=https://lh3.googleusercontent.com/p/AF1QipN9q9_eCTiZ0DLgK4ULPRN2klG-mPNwZ4L98Opk=w408-h408-k-no,https://lh3.googleusercontent.com/p/AF1QipNnffFAb_Z5i80jLNI3RKpZXLSEQVH1SieDDydD=w408-h272-k-no,4.5,287,https://laangsaigon.com/
Anatolia Turkish Cuisine - Halal Food in Saigon,Halal,100000,"halal dishes combined with Middle Eastern spices to create satisfying, memorable meals.",10.775211483911166,106.70083041904287,"65 pasteur entry, 63/13 and 65 Pasteur, Ho Chi Minh City, District 1, VN",11:00-23:00,https://lh3.googleusercontent.com/gps-cs-s/AG0ilSyujCSbhYc2F-9u5Ypl68Te8c1DkY2Zfs1n6nIpN7G4KBocIXwJK817hxMJr8Zmu9dGzYghkDtv9iDlOTVs1_Cb10JHjYxwZuhQw8U0bqUYascn_rUB4YNi39VPip6_POsr_Q0yZXlKPN_G=w408-h544-k-no,https://lh3.googleusercontent.com/p/AF1QipN8lmOlRYi5ofwGP6zKi85JeJG_V_Fw3G-VJUfG=w408-h306-k-no,4.7,1018,https://anatolia.vn/
The Shed,Casual dining,200000,Guests enjoy signature dishes paired with local flavors in every dish.,10.778456381809297,106.69856671719288,"178 Pasteur, Ho Chi Minh City, District 1, VN",8:00-0:00,https://lh3.googleusercontent.com/p/AF1QipOE1LxG_qyxP2Kl4NtrxCtNNFkBlDaZcLCQ6ezw=w408-h272-k-no,https://lh3.googleusercontent.com/p/AF1QipPIbEr58QHYiI_h3yK03xXKeq1l6wqPhyXbSHsd=w408-h272-k-no,5,104,http://shedhcm.com/
Secretwines Shop and Restaurant,French,450000,French cuisine prepared with buttery sauces and served with elegant flavors.,10.790396887219842,106.71094691534286,"70 Phạm Viết Chánh, Ho Chi Minh City, Bình Thạnh, VN",16:30-23:00,https://lh3.googleusercontent.com/gps-cs-s/AG0ilSwQXszh8HCGabmNCpiGjI3sckpwbNkSd_edU97L5qpWXQv7wj41WFMe8XMsoIuWW92_rDxrNj9V3glOuGrpAiRl7PJsQYDw82Zd2gdivVLty_PFMUwZlL9YAyURp-dNWuJPZ6Ua=w408-h306-k-no,https://lh3.googleusercontent.com/gps-cs-s/AG0ilSxBadvL2Gt0jFHcFG-GGRU7a-ioHt02eVJ8g1ARE9LSe1_v8LHE2H5tiyIpUvSYWoIHLuNFnE52L67muyLwSX3NKe3bZeQ_vXQMSIqSCx7k1VA8UuX1p-tqeJ2PCbBxGZVYpFqH0w=w408-h544-k-no,5,46,https://secretwines.vn/
Umeshi & Sake,Japanese,250000,Serving Japanese dishes alongside umami flavors for a comforting dining experience.,10.780483241006586,106.70465218465712,"15 B10 Lê Thánh Tôn, Ho Chi Minh City, District 1, VN",11:00-23:00,https://lh3.googleusercontent.com/gps-cs-s/AG0ilSxoEKsDjXLLzRm2Mn7wSDexJ9uajG21FIy6Pky367YqQsXHlBW5ESVJceBGseDmYuD1fIj7Gqjg8CgGIBNX-PD9wK8Rn9nTxfbYXMrRHF_0QnhirlHG_QWSD8qBIUiAWSffCjONYQ=w408-h544-k-no,https://lh3.googleusercontent.com/gps-cs-s/AG0ilSzOyfDjzjw_HwwUGTNLbrtzOXyrRzNxd1uUhJNXc4vSFI2ykJEj6rL5hNuG5rXc4G2HL2ZkN7wHKaLrI_zMSX6QjYNN02F2WsZ6jCZNrs9IoBUdVAqPKqbNrY1usk_t2g9PeGE3oQ=w426-h240-k-no,5,6,
Pizza 4P’s Lê Thánh Tôn,Pizza,200000,artisan pizza prepared with wood-fired crust and served with creamy cheese.,10.782058240041142,106.70532209020715,"Lê Thánh Tôn, Ho Chi Minh City, District 1, VN",11:00-23:00,https://lh3.googleusercontent.com/gps-cs-s/AG0ilSym2XjFynd3u6frAfi3vfifF729Rhs5L58viLmRvbYLaeUI-qrgk7n6i1fen-BBznW6WxSGQs7YW0PACHDn_0V347MR1Kmj23OY1c4osaaB4zUSjKR0kBOiL5rQCX5-AJAys6Y=w426-h240-k-no,https://lh3.googleusercontent.com/p/AF1QipND6H4yexppN3bV54HT78nzeYyUfAtLfmq3nHM=w408-h272-k-no,4.8,18298,http://pizza4ps.com/
BARB WIRE SAIGON,Casual dining,150000,"signature dishes combined with local flavors to create satisfying, memorable meals.",10.777230384590094,106.70429411904286,"95 Hai Bà Trưng, Ho Chi Minh City, District 1, VN",18:00-4:00,https://lh3.googleusercontent.com/gps-cs-s/AG0ilSyTS7gVL11ns9LEPW6ZknAh2IeYhirxIY3bPYirT3ZTeVWdIIFg23_3nlmZd-2duWnDczkMSvjFk68b62tbx1o89Rmbq18ki2OH3OFQL8yXN-HiL9oacU56EFya7-gg_LDLu67D=w408-h310-k-no,https://lh3.googleusercontent.com/p/AF1QipOOEQdQHPZOG30FSaa-FUih9D1-qahuCZVrF871=w408-h306-k-no,4.8,106,http://www.facebook.com/barbwiresg
Mustard The Indian Bistro,Indian,300000,Guests enjoy Indian curries paired with aromatic spices in every dish.,10.778821567481398,106.70304039205716,"76 Hai Bà Trưng (Mặt trước), Quận 1, Hồ Chí Minh Balcony:, Mặt sau, view balcony, 62 Lê Thánh Tôn, VN",8:00-22:45,https://lh3.googleusercontent.com/gps-cs-s/AG0ilSxG7KqGTEsumdVEfKUr8F2jaNsbrKwQEt9StPsVpmgrAdxKfkjuzwsSxqmnz8YlLtaEaH5yj3JN9LY0X_nPChdHUHhW3fJCAa8US-7AuuODIQVkomcsPC6t8CnyikIzcPc8TPWuTax4cCo=w408-h306-k-no,https://lh3.googleusercontent.com/p/AF1QipNYc9qlp1ceezD1eVKBt0VvFEToF5gFgL20-w4Q=w408-h271-k-no,4.9,45,
Pickles Eatery,Bistro,400000,Guests enjoy bistro plates paired with comfort cooking in every dish.,10.792534194549235,106.71052545157859,"83 Nguyễn Công Trứ, Ho Chi Minh City, Bình Thạnh, VN",16:30-23:30,https://lh3.googleusercontent.com/p/AF1QipMOnoXpUVZKpsF83ZXjuvLvUj8CXyaBntGqF0bl=w408-h408-k-no,https://lh3.googleusercontent.com/p/AF1QipNBZZ-2VuFdzpxBQ93Dg1ZdgicdmB-EuJf80VSD=w408-h272-k-no,4.7,569,https://campsite.bio/pickleseaterysaigon
Chuck's Burgers PVC,Western,150000,"signature dishes combined with local flavors to create satisfying, memorable meals.",10.79029095670182,106.71079386322143,"46 Phạm Viết Chánh, Ho Chi Minh City, Bình Thạnh, VN",10:00-22:00,https://lh3.googleusercontent.com/gps-cs-s/AG0ilSxW-wVUf9pRoveN0LtwsQdiPSmiOvjMvvqGEYj8ZVpdBTnY31kHnhFoEhuYVVyusWDQ6xow1wNgEFSsLqFWwhWMWeLzDjRBSA2TQan8IkNvVrBg4bbUsEOxPSCRAQki9Mo5B-Xd=w408-h306-k-no,https://lh3.googleusercontent.com/p/AF1QipOFnAYW6CNz-qreCcSkQKxHegvql8wrkhpOThtf=w408-h271-k-no,4.4,1499,http://www.cburgers.com/
NAMO Modern Italian & Grill,Western,2000000,"Known for grilled meats and smoky flavors, offering consistently flavorful dining.",10.774566624025827,106.70064725952143,"34 Lê Lợi, Ho Chi Minh City, District 1, VN",17:30-22:00,https://lh3.googleusercontent.com/p/AF1QipNfOU_CrpCMvhy36WKMFy9us8Nwxfj156nucw90=w408-h611-k-no,"https://www.google.com/maps/place/''NAMO+Modern+Italian+%26+Grill'/@10.7742304,106.7007017,3a,75y,90t/data=!3m8!1e2!3m6!1sAF1QipOoFq6RFhTshQPkLStay0QHETZ1qDSOGLgmr2Gl!2e10!3e12!6shttps:%2F%2Flh3.googleusercontent.com%2Fp%2FAF1QipOoFq6RFhTshQPkLStay0QHETZ1qDSOGLgmr2Gl%3Dw86-h111-k-no!7i1078!8i1394!4m7!3m6!1s0x3174d5e8e60abeb7:0x5050ee9b973ade27!8m2!3d10.7743611!4d106.7005507!10e5!16s%2Fg%2F11wng4nv88?entry=ttu&g_ep=EgoyMDI1MTEyMC4xIKXMDSoASAFQAw%3D%3D#",4.8,136,http://namoitalian.com/
Food Trucks at Nexus Square,Casual dining,100000,signature dishes meets local flavors in dishes crafted to satisfy every guest.,10.77952062064339,106.7071231037,"3A Đ. Tôn Đức Thắng, Bến Nghé, Quận 1, Hồ Chí Minh 700000, VN",10:00-14:30,https://lh3.googleusercontent.com/p/AF1QipMAzcKXncWo3U_p_cGKiNkUBVB7G9N0P3HIN2s6=w408-h612-k-no,"https://www.google.com/maps/place/Food+Trucks+at+Nexus+Square/@10.7793151,106.7069729,3a,75y,90t/data=!3m8!1e2!3m6!1sCIHM0ogKEICAgICjuoaolgE!2e10!3e12!6shttps:%2F%2Flh3.googleusercontent.com%2Fgps-cs-s%2FAG0ilSxufdTpsG63yfSfh7m0PRQcRPi2cNKlRvhKTYcyRZkFwjduZX64BxmIZPpH3YRfDfsSiI2K0CLjTwxoSMrjk3fKRXvQxJr9FZH3Hr17VsI3fNO0nRazMkTMSqDam_VSorJX59we-g%3Dw224-h398-k-no!7i2160!8i3840!4m9!3m8!1s0x31752fedb448cee7:0x772523743bdb75c7!8m2!3d10.7793151!4d106.7069729!10e5!14m1!1BCgIYIg!16s%2Fg%2F11vyy3_t3t?entry=ttu&g_ep=EgoyMDI1MTEyMC4xIKXMDSoASAFQAw%3D%3D#",5,11,https://www.instagram.com/nexusfoodtrucks/
Baba's Kitchen Indian Restaurant - Mac Thi Buoi,Indian,250000,"Indian curries combined with aromatic spices to create satisfying, memorable meals.",10.776263264319207,106.70523982698572,"4-6-8, Mạc Thị Bưởi, Ho Chi Minh City, District 1, VN",10:30–22:30,https://lh3.googleusercontent.com/gps-cs-s/AG0ilSxXUlT5Zwe-OBuCnNqpk-fX_iISx4F_FSfCSPUvymeyhyLytUE5EZNzfxL2xLo7avvJQ9BGJgBIT0T7GI1uz_q3rpq-Q0atdrelOzrGIm90pRhUdP6e4c6w26goxeENRlKenN1IbGWBtrfK=w408-h268-k-no,https://lh3.googleusercontent.com/p/AF1QipM-NgmBTt7TDqhy3M0TI7Z5IOgcKswtYSAx8G7A=w408-h306-k-no,5,977,https://babas.kitchen/
Soumaki - Your Healthy Food Soulmate - Lý Tự Trọng,Casual dining,150000,"healthy dishes combined with clean ingredients to create satisfying, memorable meals.",10.777402622089689,106.70008554232857,"42 Lý Tự Trọng, Ho Chi Minh City, District 1, VN",10:00–21:00,https://lh3.googleusercontent.com/p/AF1QipOQz-COLQVszmE9qZNiv7S0KeRcQA_ejyHBJ5n7=w408-h306-k-no,https://lh3.googleusercontent.com/p/AF1QipOsZutU_ziwP3zobHv24wJ9ya4mgP834KYwzCTU=w408-h544-k-no,4.9,3059,http://soumaki.com.vn/
"Gotcha Saigon-Burger,Doner kebab,Falafel, Bánh mì",Casual dining,100000,"Known for signature dishes and local flavors, offering consistently flavorful dining.",10.768542928600983,106.69319749629997,"267 Đề Thám, Ho Chi Minh City, District 1, VN",0:00-23:59,https://lh3.googleusercontent.com/p/AF1QipMMMpe8JCGO5_uurd6n6-lrn67aA5mWMB1HvUEG=w408-h271-k-no,https://lh3.googleusercontent.com/p/AF1QipN8gr_Mh9owu8RjAbt7h3dRUZXJ0R49elLTq-2P=w408-h725-k-no,4,254,http://gotchafeast.com/
Fortune Ivy,Chinese,200000,Chinese noodles prepared with wok-fried dishes and served with steamed dumplings.,10.790038761074676,106.71128243438574,"19R4, Đường Nguyễn Hữu Cảnh, Ho Chi Minh City, Bình Thạnh, VN",17:00–23:00,https://lh3.googleusercontent.com/p/AF1QipNSMBko5SRF8uhti3a2jNZ7FyDkcqWhEDbwwR1l=w408-h510-k-no,https://lh3.googleusercontent.com/p/AF1QipOMSqkcivvaF-Zejx0_HHv5gc-dOi0tpGEKZcTn=w408-h544-k-no,4.7,111,https://www.facebook.com/profile.php?id=61577108376408
KAKU IZAKAYA,Japanese,200000,"Focused on Japanese dishes and umami flavors, delivering rich authentic flavors.",10.780483901517071,106.70495919205716,"15B/12A Lê Thánh Tôn, Ho Chi Minh City, District 1, VN",17:00–02:00,https://lh3.googleusercontent.com/gps-cs-s/AG0ilSzuUechVp8GJmmcqQTbv4l3ZPVzUEvOtxObKig26Ti-YzBTn036sYu4FUL1z34Io5sHLw5PmdIevDn0df1Jz2bFyEAbUW6LKqDI0oXZi6U705YaXXUuL1qVm4wb47il2WmVkNO-=w408-h447-k-no,https://lh3.googleusercontent.com/p/AF1QipP9AMkWvSxjnCUIUxWrGO0qMdOOcEXnvNT_GL0N=w408-h396-k-no,4.8,146,
Clover Korean House Food,Korean,100000,Guests enjoy Korean BBQ paired with kimchi flavors in every dish.,10.791707621367141,106.69569930555,"4C Võ Thị Sáu, Ho Chi Minh City, District 1, VN",08:00–23:00,https://lh3.googleusercontent.com/p/AF1QipPxBEn39AxisCPPmfsXSXZ3hNTh5Te1YUn6P-o7=w426-h240-k-no,https://lh3.googleusercontent.com/p/AF1QipPXEoWNWgvxW5vwisb9tjscw5_9zjxDhjZ4PlfC=w408-h408-k-no,4.8,2968,
Mystika,Casual dining,100000,signature dishes prepared with local flavors and served with welcoming atmosphere.,10.791981973041443,106.69746534602858,"43 Đ. Nguyễn Văn Giai, Ho Chi Minh City, District 1, VN",10:00–01:00,https://lh3.googleusercontent.com/p/AF1QipNH3KIv_0XzLQhAnQj_q6BwV4cKf5R3BRoIQAer=w408-h544-k-no,https://lh3.googleusercontent.com/p/AF1QipOy1D6J0zoY8Ikx7sKlICaBvFo03I8TQe_ywrlp=w426-h240-k-no,5,43,http://www.mystikasaigon.com/
Curry-licious Indian Restaurant,Indian,200000,"Celebrated for Indian curries and aromatic spices, prepared with careful attention.",10.77701197377463,106.70378178095713,"9 Công trường Lam Sơn, Ho Chi Minh City, District 1, VN",12:00–23:30,https://lh3.googleusercontent.com/p/AF1QipMbtJLMV9xqOjBiCM4dOhQ9Utuah-1BbOUJBBZN=w408-h271-k-no,https://lh3.googleusercontent.com/gps-cs-s/AG0ilSwsWgIcYkhHxxfwpGPgq-CVX9Un_A06ukcTiJ5yRPk-NSrMoP__PpRfAE97U7CYYHDziI353IJjOLkLPJSt7yVI7-lHwTyVGv_o5sWScFcwNrLoT28nJuzEJDiacsh7cI9g7RO5-cSyXa2g=w408-h306-k-no,4.9,1098,
FUJIYAMA FOOD & BAR,japanese,200000,Japanese dishes meets umami flavors in dishes crafted to satisfy every guest.,10.790037300227375,106.71130142883571,"76e Phạm Viết Chánh, Ho Chi Minh City, Bình Thạnh, VN",20:00–02:00,https://lh3.googleusercontent.com/p/AF1QipOff8o5Nd4hwgNZKlx7mXj7B1E9a5ml8NVp9Z3S=w408-h306-k-no,https://lh3.googleusercontent.com/p/AF1QipNyQCWAji-Io9A506IjZZ5lvy98dAAXIUl3WaTU=w426-h240-k-no,4.9,33,
KEBABY,Doner kebab,150000,"signature dishes combined with local flavors to create satisfying, memorable meals.",10.790125052550245,106.71238168465624,"112 Phạm Viết Chánh, Ho Chi Minh City, Bình Thạnh, VN",10:00–23:00,https://lh3.googleusercontent.com/p/AF1QipM0zenbppukBPxiJAEAwLEza73P7vX9IeSlVJRW=w408-h408-k-no,https://lh3.googleusercontent.com/gps-cs-s/AG0ilSyf3GwsKM0csBVRRz53t2wdyYU73Lt--pseipbMKghq2qx2N_VP3HROyFixvKxS8p5IIHe4ZcL5VbU4-N8vnKHj95MJvMZoFF31BNnQcel8eEzF4WmEOaFrNZ8lRkNjGCHKtcvk=w408-h544-k-no,4.4,255,https://www.foodbooking.com/api/fb/m_b1_d8?fs=e&s=cl
Benaras Heritage,Indian,200000,"Celebrated for Indian curries and aromatic spices, prepared with careful attention.",10.79149900798341,106.69495242698436,"16-18 Võ Thị Sáu, Ho Chi Minh City, District 1, VN",11:00–23:00,https://lh3.googleusercontent.com/p/AF1QipMhw5lU9br77FQadwS3ISiguy7bYamLlmA4PcPR=w408-h272-k-no,https://lh3.googleusercontent.com/p/AF1QipN0Yi7ciRIJ_Mc4U_VtGD5omEgw_UfCIbObvymi=w408-h272-k-no,4.6,210,https://www.benaras.club/
The Hype Eatery & More,Casual dining,200000,signature dishes prepared with local flavors and served with welcoming atmosphere.,10.777385620098581,106.70396214232811,"9 Công trường Lam Sơn, Ho Chi Minh City, District 1, VN",16:00–22:30,https://lh3.googleusercontent.com/gps-cs-s/AG0ilSz5sqd99mlOWHckLCQuPXMA1P6JZDHdFCxbEqY1KTGeTkW6Yg053CQHJDRPG-ob7Ih027izX9iC4AK8MPjpFvhHpo5OM7P9wen1AArh41ClDG8LswisauEd5Khr8qCDoAx1wKtc=w408-h306-k-no,https://lh3.googleusercontent.com/p/AF1QipN_2N4-aeTby9EnJjx7PfsSHn9-1jiZhZYYAa9y=w426-h240-k-no,4.7,86,https://www.facebook.com/hype.eatery
BÁNH CUỐN TÂY SƠN ( MsSmile FOOD),Casual dining,150000,Guests enjoy signature dishes paired with local flavors in every dish.,10.79265848979334,106.69519438650781,"27B Trần Quang Khải, Ho Chi Minh City, District 1, VN",07:00–22:30,https://lh3.googleusercontent.com/gps-cs-s/AG0ilSw85J0GtWBWZGa9VKKAizM9mHCHLUJy47o9k-VxuY45U7XgsMQ2Dzkk7v4Hcnv5VKHranx0okcAFwIqNgL8RMJb0jsKAQ1-g9AWNtQSMzIMQQ_miaw7Gj0VNl7Cr-e_p4nQ8S7lmJa00i5C=w408-h544-k-no,https://lh3.googleusercontent.com/p/AF1QipOo7wWGUNWKBQ0490artBiOcGOZJG2uuiHOR4s0=w408-h725-k-no,4.9,311,https://banhcuontayson.vn/
Tacos Fuego,Casual dining,150000,Serving Mexican tacos alongside spicy salsas for a comforting dining experience.,10.790433226330254,106.71048979814842,"48 Phạm Viết Chánh, Ho Chi Minh City, Bình Thạnh, VN",11:00–23:00,https://lh3.googleusercontent.com/gps-cs-s/AG0ilSxsMr6--RbU7Lyf0O1UNBH6Nn7IXfJNGnnmLiQCi73t8K3j1LWk736ob0tOIv4G7hRJdqRBV8rYFRhimhVyxLRb6S2o8VgBY03ZsEJY0uPMMic1dqnutekXbnBEpD6vBTeS-6nfoA=w452-h240-k-no,https://lh3.googleusercontent.com/p/AF1QipMd6BrnJ6Fyh7uf55MM4cNuLfk_pNJYbKFPZgG2=w408-h344-k-no,4.4,525,http://tacosfuego.vn/
Bếp Ốc Sài Gòn,Seafood,200000,fresh seafood meets grilled shellfish in dishes crafted to satisfy every guest.,10.778460360928527,106.70362301349218,"74/7 Hai Bà Trưng, Ho Chi Minh City, District 1, VN",11:00–22:00,https://lh3.googleusercontent.com/p/AF1QipOqFjgwPgzq3vte0RpApzhJRBHDaMuyzMiZfZ7_=w408-h306-k-no,https://lh3.googleusercontent.com/p/AF1QipN1mRrRnA__KHDErDRp4G9mCZdQ0GevAS9AAbFI=w408-h612-k-no,4.7,940,http://www.facebook.com/bepoc.saigon
Ottimo House Trattoria,Casual dining,400000,signature dishes meets local flavors in dishes crafted to satisfy every guest.,10.778807118879051,106.7066045,"LOTTE HOTEL SAIGON, 2A - 4A Tôn Đức Thắng, Ho Chi Minh City, District 1, VN",11:30–22:00,https://lh3.googleusercontent.com/gps-cs-s/AG0ilSxku-YwISUI88R9pI2Z72TtBv2ulu8mek7yztjXks5aiU8ZwACxdzzcWnSLRi1WNH7WLt52CMnpQU_w-nwp_8-IKQ-rdbTV-vHLdoqahSOx9yICiUtQDOo8gO2TarOhPKYWTgSR=w408-h544-k-no,https://lh3.googleusercontent.com/p/AF1QipOcdPmd1UnxQCjTRfsas78n7-tzRpwRLoHnK6KK=w408-h610-k-no,4.9,222,
Dalcheeni Indian Restaurant Ho Chi Minh Saigon,Indian,200000,Serving Indian curries alongside aromatic spices for a comforting dining experience.,10.780722735687574,106.70718607116429,"Ngô Văn Năm/2A Ward, Ho Chi Minh City, District 1, VN",10:30–22:30,https://lh3.googleusercontent.com/gps-cs-s/AG0ilSwGvtJLkfnGMkPF1M1F9svWx_zSub7yopd2i9s85oNcyuB0E2LOrnIFx8BTorYk8BSvGQJXNxP3fKG-kIs_xmLBfdKRZrAk1uoYTNdcFSD4olub0ofa8gCyk0EivMnWFoyFW5E=w408-h306-k-no,https://lh3.googleusercontent.com/p/AF1QipNarQpjDgg2OxfI-8YqdsxooDIJi9-DoYRFu7fL=w408-h271-k-no,4.6,935,https://dalcheenivn.com/ho-chi-minh/
Mam Mam - Vietnamese Eatery & Lounge,vietnamese,600000,"Celebrated for Vietnamese dishes and herbal flavors, prepared with careful attention.",10.779722980988696,106.70688725952142,"13 Nguyễn Siêu, Ho Chi Minh City, District 1, VN",08:00–22:00,https://lh3.googleusercontent.com/gps-cs-s/AG0ilSya6-EoLK7LOVpzrmwj3NI66fA5ajNow4UfpkypPhJuUM9gHjD5FjbZm-nANLJsO6Z_NIpAmy9GER2TFC4H1ymRpJBjL-gjxPxeA8ZCAJ5TWFZV609FWtNy2ZXAljkEElyT-C2dwcBNWshP=w408-h544-k-no,https://lh3.googleusercontent.com/p/AF1QipNeM9JCtD2iyVHDuQe8T00phUm2sr_jfq-zyK8G=w408-h612-k-no,4.9,289,https://linktr.ee/eat.atmammam
Laikee Mì Gia,chinese,150000,Serving Chinese noodles alongside wok-fried dishes for a comforting dining experience.,10.753267236344993, 106.66645282698572,"69 Đ. Ngô Quyền, Ho Chi Minh City, District 5, VN",07:00–22:00,https://lh3.googleusercontent.com/gps-cs-s/AG0ilSxxmljzSw_BM6GBTmkhgtWLoByjpGixEDU6oRVxJwwqmMG4UGvvxWv7efNP05T1K3EQi8c-Y77NORkyP38Cc3YYgTGXDYrCuOmypGG54EN9OH7lVEZaa4EYJG7rSxto_i4-JRo=w426-h240-k-no,https://lh3.googleusercontent.com/gps-cs-s/AG0ilSx1t8J_nOZnkWDbBlPxB_xCBeSlBrNCw8G2Q6_QO0Z9bESPyMifmFjjgirxU4mcoRcSQxPS0FV6XxWvAgUYFnx7jg2Oq71Hgq_YhKFD9UR-pBxggo7yWvUgAuXsGwhxbQAF_I4q=w408-h544-k-no,4.3,466,http://laikeevn.com/
Cửu Long Quán Trần Xuân Hoà,casual dining,200000,"Focused on signature dishes and local flavors, delivering rich authentic flavors.",10.779902152596652,106.70683361534286,"2-4, Trần Xuân Hoà, Ho Chi Minh City, District 5, VN",07:00–22:00,https://lh3.googleusercontent.com/gps-cs-s/AG0ilSwBOG_OneOLAq2CuitHQXQYwcMp71bCGLU1Ez3TF5pvoEDl_FN-mabmpwBtDkr8FexCfprvMZnU2S5T7vzd7DSnFRLaWcZ-PjsIKKzubvZQ-SvXvoRjyrd81hKZnjZjfKEX-_rU=w408-h306-k-no,https://lh3.googleusercontent.com/gps-cs-s/AG0ilSxdwXLv5TjJWMsVrnZZnJK3KkRxQTWLM020Hcz2NJnBq6nzfV632ivjiLSEbPZYge7jwbB9JeO-rL_pTEgM_hyQiBmfi5LZGgXTgIQnD-ZAsWs6PkmlINee2O0gvb0G6AcGfT-IGQ2DyLo=w408-h544-k-no,4.4,1684,https://www.facebook.com/Kowloon-Bingsutt-%E4%B9%9D%E9%BE%8D%E5%86%B0%E5%AE%A4-445555132634054/
SIRYANO Restaurant & Cafe (HALAL),Halal,300000,"Celebrated for halal dishes and Middle Eastern spices, prepared with careful attention.",10.789488444245796,106.69967082698571,"5 Phan Kế Bính, Ho Chi Minh City, District 1, VN",10:00–23:00,https://lh3.googleusercontent.com/p/AF1QipMu1zmQK4rRQH09aMBpEt0lTmIsx0XHffrfINgP=w408-h544-k-no,https://lh3.googleusercontent.com/p/AF1QipNHMjLykWk5jVVO1Q6j2LrJLDbtNEvmEibrPu1B=w408-h544-k-no,5,72,
ASA Bistro,Casual dining,200000,"Focused on bistro plates and comfort cooking, delivering rich authentic flavors.",10.791231112641722,106.72219475767142,"SH11, Park 1, 208 Nguyễn Hữu Cảnh, Ho Chi Minh City, Bình Thạnh, VN",07:00–21:30,https://lh3.googleusercontent.com/p/AF1QipOe1FWWRaKHgw4jkxSIRX7u90p-1qlm-Um4KfKm=w408-h612-k-no,https://lh3.googleusercontent.com/p/AF1QipM5ZwlF50guBzPDjjZR5IQ3K3PK8KfNCzYH0Hnu=w408-h271-k-no,4.8,1092,https://www.facebook.com/ASAbistrovn/
Mustard The Indian Restaurant,Indian,300000,Serving Indian curries alongside aromatic spices for a comforting dining experience.,10.785677695054295,106.69997039205715,"10 Hẻm 18 Bis Nguyễn Thị Minh Khai, Ho Chi Minh City, District 1, VN",09:00–22:30,https://lh3.googleusercontent.com/p/AF1QipOhuygJrwdjqDJE_KKmZlGP9r3f9Y2oTkiDzAae=w408-h306-k-no,https://lh3.googleusercontent.com/p/AF1QipNhbGq5r5fE5RvJ3qR9RO74sx0_wkuyqjuB51ne=w408-h544-k-no,4.7,755,https://beacons.ai/mustardtheindianrestaurant
Okonomiyaki Shu_お好み焼き 秀,Japanese,300000,"Known for okonomiyaki and savory toppings, offering consistently flavorful dining.",10.780562761985511,106.70474363068571,"15B11 Lê Thánh Tôn, Ho Chi Minh City, District 1, VN",10:30–00:00,https://lh3.googleusercontent.com/gps-cs-s/AG0ilSxJFNIrT9Y_ikDssB2UeOOFHTAdX3OP0IrWft9jTvwf_DVGBwvZUZLks0YYsHyPy8iErl-absgdoFZvV0VyEqURkeYVbrurnFlYyAfOYRREmuqhNn06mRnTSEctQ782SYLCTck6=w408-h305-k-no,https://lh3.googleusercontent.com/p/AF1QipMxqRxL_8HJBcogdmsgy5oBrbiICIAp1KC89M3P=w408-h306-k-no,4.3,246,https://okonomiyakishu.vn/
Tuệ Minh Vegan Food & Drinks | Quán Chay Ngon Bình Thạnh,Casual dining,200000,Guests enjoy signature dishes paired with local flavors in every dish.,10.790439443758352,106.71153097856428,"76C-76D Phạm Viết Chánh, Ho Chi Minh City, Bình Thạnh, VN",06:00–21:30,https://lh3.googleusercontent.com/gps-cs-s/AG0ilSxbnKfUVLo0epYSfm_LaHF-wwMUnXSVmT5h5eLErLHDeETjekZzokXDEGVs25EoUBvgvDg10QUPRilkoF0ron8hv_NWkJFqL31KjXp7PxkdD67efFTVNq9ugPY8pMd5VNXsL7w3JV-k7w6B=w408-h544-k-no,https://lh3.googleusercontent.com/gps-cs-s/AG0ilSyaNpz9rfeUf1VoRNhvgwuIalOj-9M8rrXwEqv-Nbc65WsMFFj5Mx8_Hor8Db3eEsSRwlt-nAuogkxpj1wMj3JQkocFlPvQxC2xzNS_vy5B1ddwr3Cpa7LP7KvO3KsEaBeDUKfQ68Cg0mtw=w408-h544-k-no,4.9,242,http://tueminhvegan.com/
CTY Kitchen + Bar,Casual dining,500000,"Focused on signature dishes and local flavors, delivering rich authentic flavors.",10.782941736520568,106.69747811534353,"behind Elevator Lobby, Centec Tower, 72 Nguyễn Thị Minh Khai, Ho Chi Minh City, District 3, VN",07:30–22:00,https://lh3.googleusercontent.com/p/AF1QipNuz5Thpsx614V9EezXglARw_rkBduN_G1HxBlL=w408-h408-k-no,https://lh3.googleusercontent.com/p/AF1QipMg5HfGR33UMBIBUam36jLtgdNTYs67HQroLfLr=w546-h240-k-no,4.8,1439,https://www.tablecheck.com/en/cty-kitchen-bar/reserve/landing
Be An Vegetarian Café,Vegetarian,150000,Guests enjoy vegetarian dishes paired with fresh produce in every dish.,10.784648581082351,106.69780628835716,"11B Trần Cao Vân, Ho Chi Minh City, District 1, VN",10:00–21:30,https://lh3.googleusercontent.com/gps-cs-s/AG0ilSxSH7L4p6BUDKrP8_hT01PZWc6N9FcPfxk76wv6cZdjX6Xn1rqBFfuqTBZ77gSEwBVmGr667KlwLr5idgVjhnMwJd6m5JoH865B40upmvMRpNTTDUNJ-_TlJ-OQyFbKbDOF228=w408-h306-k-no,https://lh3.googleusercontent.com/p/AF1QipNhh60pHGLc-0a4KG3bWktkrTVwiZdTtsTtoo6b=w408-h280-k-no,4.8,1106,https://www.ampersand.vn/bean
Bánh khọt Cô Ba Vũng Tàu,Casual dining,200000,Guests enjoy signature dishes paired with local flavors in every dish.,10.783576372323438,106.69660694972859,"40B Trần Cao Vân, Ho Chi Minh City, District 3, VN",09:00–21:00,https://lh3.googleusercontent.com/gps-cs-s/AG0ilSx--bUu7K2ytVJP45dokvKJfbIW5-FRnGToVbHfqT3kt9LrCR_2RJFJ7GnY7PnDd4LUze5-_NhtXEcBpDu2HUUpVaC5BpQuxR_kiqE_wHGgpa0pH_k5-R0nyPhB1LNa5JC0Ut-L=w408-h306-k-no,https://lh3.googleusercontent.com/gps-cs-s/AG0ilSxFMraweLQRYLrwbYihlu4I3Euya-fUZAJbQMwLkcnsSK7mdfvUA9Wf3ou8TLDqP5UtDkjV7J2g507zrGrw4rapUKviry07dmTtUQ96DHCFGiX21sa38H4xKOKCz7LwNiNkiOoaKsnXggJd=w408-h544-k-no,4.5,2843,http://cobavungtau.com/
"Tartine Saigon - Nguyễn Đình Chiểu, Q1",Casual dining,200000,Serving brunch plates alongside pastries and eggs for a comforting dining experience.,10.78883451427999,106.69989971534285,"25-27 Nguyễn Đình Chiểu, Ho Chi Minh City, District 1, VN",07:00–22:00,https://lh3.googleusercontent.com/p/AF1QipNYb14JfmFA5nuFeQRv1mDsT8WD14g2RYIFlN8D=w408-h725-k-no,https://lh3.googleusercontent.com/p/AF1QipMnqBdd36MbNn0fv_rCpL8kHHUhGxZInJuerhf8=w408-h725-k-no,4.6,500,http://www.tartine.vn/
BREEZY GARDEN Food & Beer,Casual dining,200000,signature dishes meets local flavors in dishes crafted to satisfy every guest.,10.786001076919863,106.70177679205716,"Đối diện Đài truyền hình HTV, 45 Đinh Tiên Hoàng, Ho Chi Minh City, District 1, VN",06:00–23:00,https://lh3.googleusercontent.com/p/AF1QipOz6flXMKGMdGcFY0bVSX0VHx8RXaFr2aAxi6K-=w408-h446-k-no,https://lh3.googleusercontent.com/p/AF1QipMNIqKzy6H6Yhc8xh-xlB6mq6sbCgySFWzwKSVo=w408-h306-k-no,4.1,36,
Kobe Bistro By Chef David Thai,French,1000000,Serving French cuisine alongside buttery sauces for a comforting dining experience.,10.78279429722634,106.70598666877147,"23C Tôn Đức Thắng, Ho Chi Minh City, District 1, VN",11:00–22:00,https://lh3.googleusercontent.com/p/AF1QipNf9faxhhV4t2KBWI_Ih3VINyfoM9B3li-2DT12=w408-h271-k-no,https://lh3.googleusercontent.com/p/AF1QipNR_cMWSA1cwVdN3Yr7uw0s0ZJg9aQBR9KQmvkZ=w408-h271-k-no,4.8,311,https://m.facebook.com/100089111862850/
Au Patio - Brunch & Wine,Casual dining,300000,Guests enjoy brunch plates paired with pastries and eggs in every dish.,10.78009595975428,106.70303743068571,"31A Lý Tự Trọng, Ho Chi Minh City, District 1, VN",07:30–15:00,https://lh3.googleusercontent.com/p/AF1QipNw979-nsjz8KPTJXmsNrw-J2d3kT2udyQz4GN-=w408-h271-k-no,https://lh3.googleusercontent.com/p/AF1QipMDItjv8sr3TkAVt3-hyseefpi_MMDzRbt4y0PY=w408-h306-k-no,4.7,448,
"Tartine Saigon - Nguyễn Đình Chiểu, Q1",Casual dining,200000,Guests enjoy brunch plates paired with pastries and eggs in every dish.,10.78883451427999,106.69989971534285,"25-27 Nguyễn Đình Chiểu, Ho Chi Minh City, District 1, Ho Chi Minh City, VN",07:00–22:00,https://lh3.googleusercontent.com/p/AF1QipNYb14JfmFA5nuFeQRv1mDsT8WD14g2RYIFlN8D=w408-h725-k-no,https://lh3.googleusercontent.com/p/AF1QipMnqBdd36MbNn0fv_rCpL8kHHUhGxZInJuerhf8=w408-h725-k-no,4.6,500,http://www.tartine.vn/
BREEZY GARDEN Food & Beer,Casual dining,200000,"signature dishes combined with local flavors to create satisfying, memorable meals.",10.786001076919863,106.70177679205716,"Đối diện Đài truyền hình HTV, 45 Đinh Tiên Hoàng, Ho Chi Minh City, District 1, Ho Chi Minh City, VN",06:00–23:00,https://lh3.googleusercontent.com/p/AF1QipOz6flXMKGMdGcFY0bVSX0VHx8RXaFr2aAxi6K-=w408-h446-k-no,https://lh3.googleusercontent.com/p/AF1QipMNIqKzy6H6Yhc8xh-xlB6mq6sbCgySFWzwKSVo=w408-h306-k-no,4.1,36,
Kobe Bistro By Chef David Thai,French,1000000,Serving French cuisine alongside buttery sauces for a comforting dining experience.,10.78279429722634,106.70598666877147,"23C Tôn Đức Thắng, District 1, Ho Chi Minh City, VN",11:00–14:30,https://lh3.googleusercontent.com/p/AF1QipNf9faxhhV4t2KBWI_Ih3VINyfoM9B3li-2DT12=w408-h271-k-no,https://lh3.googleusercontent.com/p/AF1QipNR_cMWSA1cwVdN3Yr7uw0s0ZJg9aQBR9KQmvkZ=w408-h271-k-no,4.8,311,https://m.facebook.com/100089111862850/
Quán hải sản 157 Nguyễn Tri Phương,Seafood,300000,"Known for fresh seafood and grilled shellfish, offering consistently flavorful dining.",10.755942217426245,106.67013390315721,"157 Nguyễn Tri Phương, District 5, Ho Chi Minh City, VN",10:30–00:00,https://lh3.googleusercontent.com/gps-cs-s/AG0ilSyGgyg26Vl9ydXFYIlA7yHOgwWCJ_saE17nWhSLIa_NdZvDu-Z9Tdmwk3mzcZjt8cAHv-hd7ZYAhkJbZk2j6o2wU9BHggXl14BbI0ifgCz9DNWNGn17uI-wu9zbasoPKMd0vADl0w=w513-h240-k-no,https://lh3.googleusercontent.com/gps-cs-s/AG0ilSz5OQgP3--c5wnocXq-ndExHHbvMvnw_OowahE2X0OAghkQ3XrQTvJ3JLZs3Lhc--MMw5wkxSqU5T_Zoahofap69PlK7XBCzqXhsUjk1oSXMQhFxNWXs7KVB5qj-IE4W3dgQBnU2w=w408-h306-k-no,4.3,197,
Cacao dừa Dì Lan,Casual dining,100000,"Celebrated for signature dishes and local flavors, prepared with careful attention.",10.75807249775896,106.66998674602856,"329 Hùng Vương District 5, 9 Ward, 32/9 Hùng Vương, Ho Chi Minh City, District 10, Ho Chi Minh City, VN",07:00–21:00,https://lh3.googleusercontent.com/gps-cs-s/AG0ilSx_S1OGcUrOch5YPTI_ZTW5LscvmCXx0051yHnhpXFIrJFPANJqlOLv3RxpzfreqSmSyVq6spSU0NNy8W4OMER4bjf80kdknvX_rE7-u50nPxPYuklCADHO-Ec5g_3CDZ3TuoA=w408-h393-k-no,https://lh3.googleusercontent.com/gps-cs-s/AG0ilSyYP_XD2Zq8wJBC4Va6Zn-z2oBAdjY_8CJKIoavyzW6XM1tLuSvVL-e28AhfuhavZ4KNoz_mJyhWVgvGvHb1E-Cy8ovhSzMCuP-rPG_bmzWFG__ZE28AyE0fWkx_3r7ATtwhPcd=w408-h728-k-no,4.4,599,
MORICO,Japanese,200000,"Celebrated for Japanese dishes and umami flavors, prepared with careful attention.",10.778228346724104,106.70244446692145,"Vincom Center, 70-72 Lê Thánh Tôn, District 1, Ho Chi Minh City, VN",10:00–22:00,https://lh3.googleusercontent.com/p/AF1QipOG7BgPnUUMf3L_fd12w02bHS0h2qagWydYEjko=w408-h270-k-no,https://lh3.googleusercontent.com/gps-cs-s/AG0ilSxafSRKkqFWzQ2m6IbgDDpBUygn2okcojgRioHg3VnBbc3b3ofOWEAZZ7pW1JNieDD1pvLpr-bYeWIB8T_k1m4K6MjeoG1JhJgTGCxHO2U9MiPGL69R6japJsrqzf8j6-SinhnGGi8AZiEr=w408-h725-k-no,4.6,1033,
Here & Now Vegetarian (Restaurant & coffee),Vegetarian,200000,Serving vegetarian dishes alongside fresh produce for a comforting dining experience.,10.79015778744196,106.71105470369999,"74/1 Phạm Viết Chánh, Phường 19, Bình Thạnh, Thành phố Hồ Chí Minh",10:00–14:00,https://lh3.googleusercontent.com/p/AF1QipO2zzCmQ21Hp6fmNfx-8DXeCQrkh4iHXGIHSu2a=w408-h272-k-no,https://lh3.googleusercontent.com/p/AF1QipPHrA4CDJp7xnVrSl1RR3mK6-iwGULC9wyLSblg=w408-h271-k-no,4.3,449,
Food Exchange Restaurant,Casual dining,1000000,"Focused on signature dishes and local flavors, delivering rich authentic flavors.",10.78446038117138,106.69647449390716,"167 Hai Bà Trưng, Ho Chi Minh City, VN",06:00–22:00,https://lh3.googleusercontent.com/gps-cs-s/AG0ilSxE_mEVcKfSq_8lZnDIQq8Fw9PqGTJHwGyDhML3Z-JLRMlFzskMvSwVYfy8XstMFSBC0pbKFF96hndynpNwAOa8Xo6BH3MKM8ULD_NKSvArTW4KoFtYb26YekHiTprHK1mI7NpF7w=w519-h240-k-no,https://lh3.googleusercontent.com/gps-cs-s/AG0ilSwkjUg_EBpr9t81fW88Q_ZWc2cS2aGhXkGPSY28JlU7ovQ6AYq_q69OnnCyZ3lJIpNYgTANr5JFW1n1mlGXJH9L67EzL3mi_Ho6KW9TWVLyP-L2uB5QLqrcD2jUveqhq4qwBPT-GYvLZN76=w408-h306-k-no,4.5,15,https://www.novotel-saigon-centre.com/
1B Garden Seafood Restauran,Seafood,100000,Guests enjoy fresh seafood paired with grilled shellfish in every dish.,10.781114661685885,106.69785020500719,"1B Phạm Ngọc Thạch, Ho Chi Minh City, District 1, Ho Chi Minh City, VN",07:00–21:00,https://lh3.googleusercontent.com/gps-cs-s/AG0ilSwWbqkbAokprCtHw5L-7It3hvqyuQzIHe2h4LsHzeKh9Rg_K1kGIrdxP9VSqZ5BlNG6PLtZmcWtcFDnUkhb-JHqNrmwOMzKovu_fB_WfM03MVrX2_gGfyd19YZ8JWqSgZGgjjtm=w408-h306-k-no,https://lh3.googleusercontent.com/gps-cs-s/AG0ilSyEGY0qBJzhzg5Xc_SH7lX9h9giHB5R3XMD6S4i_3okT5n7zqb7Tl9ZoIy4KMFv8H4YGEjiRvihkRsRosr6LOGXQDmIU4hAIk-_eZ3B5NqbYmTqKk15VCG6d3shmW-tjOsRQdUs6w=w408-h544-k-no,4.3,25,
"Shamballa Vegetarian, Restaurant & Lounge - Sai Gon",Vegetarian,200000,"Celebrated for vegetarian dishes and fresh produce, prepared with careful attention.",10.780520022173464,106.70311353993571,"31 Lý Tự Trọng, Ho Chi Minh City, Ward, Ho Chi Minh City, VN",09:00–22:00,https://lh3.googleusercontent.com/gps-cs-s/AG0ilSzXuTxwCXyxM8gI-PjpXbtwOUHGSaWWUkNgbQa_74U9-HxjBWYAtN6luWQfShfErV-azZRjnJSUsU8vm6CFC6d0R_fqJIYZPcnpzT6frEbywnl43jLxdLbLcRgcwxg_quSIFWKqYN-f4pTm=w408-h306-k-no,https://lh3.googleusercontent.com/gps-cs-s/AG0ilSyUVbLfzn33EIAM7BlJivZLpjNpKj7PiguOCPToeOzj4HA6BsMYPWtZ8xuN3uJYTlMzFDJtAYvdO_3svw7pwmx8hdNxYRuQLzkM-XkXUh-gX67Ooo3qlDGC1_-ePwvT33eb6QgN=w408-h306-k-no,4.7,1337,https://www.shamballa.co/location/lush-vegetarian-lounge-saigon/
HYKING Cafe And Food - Nguyễn Thị Minh Khai,Coffee,100000,"aromatic coffee combined with light snacks to create satisfying, memorable meals.",10.789391827334178,106.70366715952143,"6/3 Nguyễn Thị Minh Khai, Ho Chi Minh City, District 1, Ho Chi Minh City, VN",06:30–18:30,https://lh3.googleusercontent.com/gps-cs-s/AG0ilSzKDXPr-Tnu0FO5DgC2xHckEUKkMYKE25wDj6F8PlUke6UtkqX_IlSUaTvApcAZmbdUgPC7pHNwSxR-vaogbSiEehvRy5O0GjFDmZwlFJEZyLMOAsj-NZgwQC52iF3PWwasPj381GwXAJNu=w408-h408-k-no,https://lh3.googleusercontent.com/gps-cs-s/AG0ilSwS1BUcTRLilP1fwl2j7-30vC_tNO-2zTws69aNQH67Ls1fPxSjo7b4LrmBLdw7zDhX5hbyNzu-JsxbJuIuszT3M1sp4p3wUmj13cRISnu7bNXQc6l5omSJQ2s2M_X_ZSTDu-GaSQ=w408-h306-k-no,3.1,12,https://hykingcafe-food.vn/
Phú Yên Street Food,Grill,80000,"Focused on grilled meats and smoky flavors, delivering rich authentic flavors.",10.791487512466432,106.7123252031572,"32 Trần Quang Long, Ho Chi Minh City, Bình Thạnh, Ho Chi Minh City, VN",10:00–22:00,https://lh3.googleusercontent.com/gps-cs-s/AG0ilSxKyOfkRq6tex8w2dz6l6rUzas5TfhKeMxi6yIUJxtM4_uzrKWyTifiBI7TcC-5cnq5fG6n2SyqinPg7poB7l0fOUYjQP9FyOeck4j-1MBoqnf8EK_J9CdTlcUvnXy0WkGKQlJtUA=w408-h544-k-no,https://lh3.googleusercontent.com/gps-cs-s/AG0ilSwoViAnrYLwCyxMXGlW2QqCSq_XwdsuNFW6_RpjfYEf_b8b5QyTyOojWi6jEgP0WV_oFhIAE543dyE0R5VfQewjvi183DBaQ4QUKPI2ABdVTCUPDXRe8N8bwD_eqywhbwXOc10XFW4XAGgW=w408-h544-k-no,4.1,12,
k-bop Korean Fast Food 신참떡볶이,Korean,100000,Serving Korean BBQ alongside kimchi flavors for a comforting dining experience.,10.7890834573579,106.69588134232858,"136 Điện Biên Phủ, Ho Chi Minh City, District 1, Ho Chi Minh City, VN",10:00–22:00,https://lh3.googleusercontent.com/gps-cs-s/AG0ilSwlaRkD-7zjcRpA7MpyOnEJHOFD3UMHTvIGLMEohT_sGhdOUsXxhgrw3KWvGEGBo1O5tg3SO7QcVZyOoh-DuIhx6aW1B_dwnFNn-xkW6WVC2IZufbDr6u2HJbnOPGYZaSEBkorKFg=w408-h306-k-no,https://lh3.googleusercontent.com/p/AF1QipP5yKUyO4qw3mqo9yoHr-9ubMy7ldMZzX1Kc3z_=w408-h544-k-no,4.2,517,https://www.facebook.com/kbop.sincham/
Gringo Tacos y Cantina,Casual dining,300000,Mexican tacos meets spicy salsas in dishes crafted to satisfy every guest.,10.789477627251474,106.70959451534286,"28 Mê Linh, Ho Chi Minh City, Bình Thạnh, Ho Chi Minh City, VN",11:00–22:00,https://lh3.googleusercontent.com/p/AF1QipPEyuNkSEkMoHy8aa06ishftwZbiHAEhyhBMe9Q=w408-h326-k-no,https://lh3.googleusercontent.com/p/AF1QipNgCwMHxiHbdtoQUJvAKObjQ45-ZG9w_ikoQiPO=w426-h240-k-no,4.5,745,http://gringotacos.vn/
SIM FOOD,Casual dining,200000,"Focused on signature dishes and local flavors, delivering rich authentic flavors.",10.791.858.651.304.300,10.672.281.117.301.400,"QPRF+M35, Ho Chi Minh City, Bình Thạnh, Ho Chi Minh City, VN",07:00–22:00,https://lh3.googleusercontent.com/gps-cs-s/AG0ilSzAbPW2fy5DKrwwZQm7d-s8DSOOXzlNNMe3FIj_FrulhtCv8HZX-oIC5FRXz2LAn7i6CGcXqBDtYEyY6JwPkgm4QGFD2heHYsAkPMCJk62St4R9I_6CgN_D8VegJL3Caz9FdG_RJm1BbbMM=w408-h271-k-no,https://lh3.googleusercontent.com/gps-cs-s/AG0ilSwvnPEHBeVTJan6QGfno3ylYykKULdw6dDmaWK8ty8qQ7eqgihh7uuT9k4YktvDMopHAjB_CBLavLUu8jrtamHNeMhh5VSbsF_kOe3pzmnzl_PyftSc77fMUu51Hknh7gqcXseF_iZxBxQ=w426-h240-k-no,4.5,66,
Marry Kitchen - Healthy Food & Eat Clean - Ăn Lành Sống Khỏe,Health,100000,Serving healthy dishes alongside clean ingredients for a comforting dining experience.,10.791546668838434,106.72120355527859,"133 Hẻm 132 Nguyễn Hữu Cảnh, Ho Chi Minh City, Bình Thạnh, Ho Chi Minh City, VN",06:00–19:00,https://lh3.googleusercontent.com/p/AF1QipNdIarGt92mBbgYwGJ-28bkSLLHnTeOToyKU6ep=w408-h543-k-no,https://lh3.googleusercontent.com/p/AF1QipOnqWlzGrXfNqmJpvmIh5kb3J4Py_t-BYowxCgL=w457-h240-k-no,4.2,10,https://app.shopeefood.vn/enwzai3d8kb
Sò điệp Nhật nướng - Quin Food Quận 1,Western,200000,"Western comfort food combined with hearty flavors to create satisfying, memorable meals.",10.78905823980888,106.69763791719288,"12BIS Đ. Trần Doãn Khanh, Ho Chi Minh City, District 1, Ho Chi Minh City, VN",10:30–22:00,https://lh3.googleusercontent.com/gps-cs-s/AG0ilSyrlj7O5n__qZHGlGjhDbtqIvfgtP7wz56ksOBAGMzGo7lKCbKYwkvwiBlD0oAm-Je9Gk55czLtB_jqfplaHNCmcoCv_EN56clHZZ8QitIDXVSdRki6MYMXOJpZBa8PfZnLVamt=w408-h544-k-no,https://lh3.googleusercontent.com/gps-cs-s/AG0ilSzt-L_2bRIh5_z7Md3i1nSu4FUKK3-hJED4urQAqL-etc5UVLZYdMEMJoKbAPvLZs18CK_NtXmQZaTr_DPA-aSQpDVYyhwTheVVF3ekb2H8KiCkf8jI22_JbUfdzXM3ZcrvRG8_Ew=w408-h432-k-no,3.1,9,
Cơm Tấm 1090,Vietnamese,100000,Vietnamese dishes prepared with herbal flavors and served with traditional recipes.,10.75098787542301,106.66954438280712,"1090 Võ Văn Kiệt, Ho Chi Minh City, District 5, Ho Chi Minh City, VN",06:00–14:30,https://lh3.googleusercontent.com/gps-cs-s/AG0ilSxTck23p35IICUwL8ETsdvfWnF4PywLZx-4PaJPvM5ZupxmDf1Qat3iEQSiXpcKtaIHxEAgTFMXh2HYHfQzD5Qp9f5dAwzpbTdF7eMBKEneb7BoBphvlqvtIXzV5olajKrTB-03qw=w408-h422-k-no,https://lh3.googleusercontent.com/gps-cs-s/AG0ilSzuRsj0peBKID1yX08vI23nG1BviEjPfiVXxlXvK8RUEET5f05a4IBER_-gZwoFBIHxkANu7EOUIF42SDZ51PYTMJ94njdapNUM5IhFwBu_Ru8APWP-hoY3EEkA90sirStc0S8we-bVaZvK=w408-h422-k-no,4.1,6,
Phở A Bân,Casual dining,100000,signature dishes meets local flavors in dishes crafted to satisfy every guest.,10.758458038965614,106.67258239205714,"34-36 An Dương Vương, Ho Chi Minh City, District 5, Ho Chi Minh City, VN",06:00–20:00,https://lh3.googleusercontent.com/gps-cs-s/AG0ilSwx3PHF6C2bwdur_gAwO6cS0BsSHa9-kRGlA3NsChZGcnbhdhcZx0sJHkQMmtOQIrLBXeivqvoeqMufzcsxdP47ZTzjzmh2QemuGp1xnlibbKC476KIawwjkBJguesSOYI1hk80=w408-h544-k-no,https://lh3.googleusercontent.com/gps-cs-s/AG0ilSzXOlGWOezgDAyjpg_81hbM9D3_9OqUQXQMF9XuqjmB4kYK7RrQGifOCvdyJQc7LGHxOGl3Uil_1Jv6FmawKWvPRRlIfw68J2OiEUY846TPszPA_AX-nNe7gYAsj7hL73dcUdacRA=w408-h544-k-no,4.5,2,
Quán Bụi Bistro,Vietnamese,200000,Serving Vietnamese dishes alongside herbal flavors for a comforting dining experience.,10.790188613354394,106.7203933804143,"31, D5/92 Nguyễn Hữu Cảnh, Ho Chi Minh City, Bình Thạnh, Ho Chi Minh City, VN",07:00–23:00,https://lh3.googleusercontent.com/p/AF1QipM7ic2MIxjyR2fgtY6oTUKW-sY4dXMlJuHpFCt6=w408-h408-k-no,https://lh3.googleusercontent.com/p/AF1QipPKvZoqBDtgPN4aAr7X6HUZ8Dr7U-vikVHfy9QF=w426-h240-k-no,4.5,827,https://quan-bui.com/
ISSHIN Izakaya Restaurant,Japanese,200000,Japanese dishes prepared with umami flavors and served with sushi and ramen.,10.793333055048585,106.72276941904286,"Shophouse 04 Park 5, 720A Điện Biên Phủ, Ho Chi Minh City, Mỹ Tây, Ho Chi Minh City, VN",10:00–22:00,https://lh3.googleusercontent.com/gps-cs-s/AG0ilSzjc06NLYbjnmLBqvb2ioqcHqvuAFabs43xYBfbdjh718lcGfKa6Rv-Eb6ohmSw35G5MgUq1iGWqAKUG09DvH7n0oRD_m2eZBG0zKroDJsbygwkgLF7r68_kHLyiqoKjuThLucR=w513-h240-k-no,https://lh3.googleusercontent.com/p/AF1QipMMubopdWPhtgFl-KuWaxt93SC21UBNeMDN_05B=w408-h725-k-no,4.7,331,https://isshin-izakaya.vn/
Taste of SaiGon,Casual dining,200000,signature dishes prepared with local flavors and served with welcoming atmosphere.,10.792946716206753,106.72253718650683,"208 Nguyễn Hữu Cảnh Park 4, SHO3, Ho Chi Minh City, Bình Thạnh, Ho Chi Minh City, VN",08:00–21:00,https://lh3.googleusercontent.com/gps-cs-s/AG0ilSwxcydyKAcijVYm1Sv4oF2af81lo6fXCBZwVBmSwQKNY_XBMQ2UTvDMPr7mEYDWD4CmbiFTrhXivdcbrearpkOgw69SMVRlt3uCkmN8vEjKaGYR5L7Wuc4UGQRGoCfrmaFiTHg=w408-h306-k-no,https://lh3.googleusercontent.com/gps-cs-s/AG0ilSzQrpdfQFLaeLiUtGl7eeZ_HW2Q4RZOw9JgXe5LuIBlBwKFx6lUl0Gq7aQYdhJNTSK_uV6KiGqG9Ewn_dbBgQI95ynTxXgF0mSUI2zKoiqosOCHW27mOra9ejF0qyPgErp-jXkXPw=w408-h306-k-no,4.5,492,https://m.facebook.com/tasteofsaigonvinhomes
Morico Saigon Pearl,Japanese,300000,Japanese dishes prepared with umami flavors and served with sushi and ramen.,10.791070234514292,106.71927547062147,"92 Nguyễn Hữu Cảnh, Ho Chi Minh City, Bình Thạnh, Ho Chi Minh City, VN",08:00–22:00,https://lh3.googleusercontent.com/p/AF1QipPtenJ7bG9oRXB_0-hMTAjDcMpS5PxG2YzahzLC=w408-h270-k-no,https://lh3.googleusercontent.com/gps-cs-s/AG0ilSwiQyjiEuDjK5NT1O6Uh8MsnSk8OHpysHDo_A6EUrGwb6wBMB3BbHGcjH6ZHU-Lm41Ty7kJYIywIAUEe0vI-zzufYPbxWfB0DCFCKooGpNXrl7GyN1wSCdPMShk4DVNedmHLOplwmHjGFs=w408-h306-k-no,4.6,1318,http://www.morico.life/
Nhà Hàng Hoàng Tâm - Vinhomes Central Park,Casual dining,300000,"Celebrated for signature dishes and local flavors, prepared with careful attention.",10.791479147107228,106.72088395320706,"P1.SH04, Số, 720A Điện Biên Phủ, Ho Chi Minh City, Bình Thạnh, Ho Chi Minh City, VN",07:00–22:00,https://lh3.googleusercontent.com/p/AF1QipPseez8-yX6IuY3lXXEoOfX6xoUTpDuvgCjCOOE=w408-h272-k-no,https://lh3.googleusercontent.com/p/AF1QipPvScXcF__6LHmm89oULYtO1L5RlBlaOwVD-nsO=w408-h408-k-no,4.6,565,http://nhahanghoangtam.vn/
Sông - Seafood & Grill,Seafood,500000,fresh seafood prepared with grilled shellfish and served with ocean flavors.,10.788773535923246,106.72567863438572,"QPQG+96W, 39 Đ. Số 38, Ho Chi Minh City, Thủ Đức City, Ho Chi Minh City, VN",10:00–23:00,https://lh3.googleusercontent.com/gps-cs-s/AG0ilSy11VuHx9abv2gY4dos73pGDXIj3IP0R8xxPT_U7RkS_2ZPIG0KeMqmVQG_4u7nE3_FteJwBiodpQLoP84RWBa40HxcOC0NAqHJhiCCJndpGTMxDYa-kc4P5P0fBuR47hmFIsaA6Uh8K3Df=w408-h544-k-no,https://lh3.googleusercontent.com/p/AF1QipMyiVDVGOwGUfFPo9hbXM5EagGI7yR7BBuXbfnd=w408-h272-k-no,4.2,791,https://songseafoodgrill.vn/dat-ban/
Cow Mee Inn - Taiwan Beef Noodles,Taiwanese,200000,"Celebrated for Taiwanese noodles and rich broth, prepared with careful attention.",10.788213100962723,106.73026138596431,"270 Trần Não, Ho Chi Minh City, Thủ Đức City, Ho Chi Minh City, VN",10:00–23:30,https://lh3.googleusercontent.com/gps-cs-s/AG0ilSw6omNpQb-MtIGVrFpD-ZUc-3GPi56HHBKtUFXQcYnr6P6tDKbcbtEKlKfOl0IuUAAGeA6YtP66hqYuJnBNpMIp_pHDZjj8VggAZ9MixSxCECIN8Jo17Q_nYyjpx72zqiEAxJid=w408-h306-k-no,https://lh3.googleusercontent.com/p/AF1QipNOicZDY0k8J9AWrsEDRSeVJJ_qI3-pqBT-Ei61=w408-h302-k-no,4.5,444,https://www.facebook.com/CowMeeInn/
Phở Hồi,vietnamese,100000,Serving pho alongside noodle soup for a comforting dining experience.,10.791045112768895,106.7224354288357,"P1-SH 10, Ho Chi Minh City, Bình Thạnh, Ho Chi Minh City, VN",06:59–21:00,https://lh3.googleusercontent.com/gps-cs-s/AG0ilSx3svb_OcLdw_bb3PBY9PXQCzIDd03Y5BWlAmsd1ocVCAYDRgnlIirgfvNVaAZMaIRFKVsw8lz7X2PbQTbdVCeLJ3vRwQdugCMDs1_0-FKNq4cLmUIyFApypRLjgRcgEJ-JLOF-=w408-h408-k-no,https://lh3.googleusercontent.com/gps-cs-s/AG0ilSxNMTa3vJO64ZMbvgT-195umIf2wlDg2rlf1asRWtjDxbixeRPnmWDN9nvbRa0_5cez2doKj4Qe4EDSCqLJ1peQWduc0BsWHFXkd8Z3qEEoyOko3pcyMPPPOD2V7qdF5cKF9qEyvtiE1qPC=w408-h544-k-no,4.1,311,
Quán Khói,casual dining,200000,signature dishes prepared with local flavors and served with welcoming atmosphere.,10.787296140580896,106.72857289205716,"Đ. Số 35, Ho Chi Minh City, Thủ Đức City, Ho Chi Minh City, VN",15:30–23:00,https://lh3.googleusercontent.com/gps-cs-s/AG0ilSzaHNHWpgLVsuiNaQcfjA4MXdAtmaZMEvPtvNhMKfSwkmedp6BW-min9vUH9fwdbIhyEOSggNwXUFblCNaiKwgDZz8Ic9motORrmAqCz-pJcNjyQjmkSkAo9p4dr_1OPNqjzAtUUw=w408-h306-k-no,https://lh3.googleusercontent.com/gps-cs-s/AG0ilSyZKdMBu0upCAW6JH-eoWH5Qi8-ZpStUV222iJip4yJluqLvuMC0QWWxHfTDyCw8ExfqXRDRC_AZOsh0b7edmhkJQezbs1XZFlIt1K6SqcoOP-18938OKbbW2jQzqHURjlpHlDb=w408-h306-k-no,4.5,200,https://www.foody.vn/ho-chi-minh/khoi-nuong-lau
Yoonhanok - Korean BBQ & Hotpot,Korean,200000,Guests enjoy Korean BBQ paired with kimchi flavors in every dish.,10.788942875012468,106.7182111730143,"Pearl - White house, tòa nhà Sunwah, 90 Nguyễn Hữu Cảnh, Ho Chi Minh City, Bình Thạnh, Ho Chi Minh City, VN",10:00–22:30,https://lh3.googleusercontent.com/gps-cs-s/AG0ilSzVkNOaZvHvxn6KIggAFIn3irs4jzCyLLIWts5-MXl4gOGEhnmxoK2o3VXeD3WGjnFkNJs9mXjW5hMt71pvXBhqefq_NEWPCmmrvH6KTjrM6UNI-zbYNnIPAmxxUDWjv2gTnKgw_g=w408-h306-k-no,https://lh3.googleusercontent.com/gps-cs-s/AG0ilSwm4ESFHraleyeFV89J-rSfA7dNtcO3QQUafghC9ohT8gNF_4shLq3pdDJhcfXh_-DrwGcK3DBKy8DyzB1mqvXYvAnQJa6iLa_VU2vT2rOdYdYalMZtU1-8OtzHHJvII_M25pFEYReFHS0e=w408-h544-k-no,4.3,119,
Cơm Gà Hải Nam Yummy - Trần Não,Casual dining,100000,"chicken dishes combined with fragrant seasoning to create satisfying, memorable meals.",10.78648088021557,106.73029218226431,"233 Trần Não, Ho Chi Minh City, Thủ Đức City, Ho Chi Minh City, VN",10:00–21:00,https://lh3.googleusercontent.com/gps-cs-s/AG0ilSwRQn-kDe6jaMqhEG32MdqeiW-drRm0v8ughfaThEFSBscX1l1HQ18xVEEBm5gehwN91EWlF3waheXVw016E48mlEeFp9_ibQ5uFgGAFX5Ca-t9ZqYKWIKOkGt1L8Z_6TBO_pAE=w408-h305-k-no,https://lh3.googleusercontent.com/p/AF1QipNCnQegHInUxShb7ZuFbXJjctsmbSsEKc9AYVfM=w408-h544-k-no,4.4,112,https://yummycomga.com/
99jjamppong,Korean,150000,Korean BBQ prepared with kimchi flavors and served with hotpot specialties.,10.79831871347493,106.73753680740002,"01 Thái Thuận, Ho Chi Minh City, Thủ Đức City, Ho Chi Minh City, VN",0:00-23:59,https://lh3.googleusercontent.com/gps-cs-s/AG0ilSzBohcRz7EAbYTCGT-TB6uO0jFlNJHAw-v_yEHbA88du-Ig_wQ9KJZQmloASxsBCuqFQnMtGTB6H6jxAIXJAVy-1mZA3mnwoUg3cW_Bc_hvzDgkjFNeweB2P3abYYfBHLF3AwLNsw=w408-h306-k-no,https://lh3.googleusercontent.com/p/AF1QipPqBffZuTIqiZvCiOG-CGnfY6p1SsbEJn1T9-oT=w408-h544-k-no,4.9,624,
Pasteloa,Brazilian,200000,Serving Brazilian grilled meats alongside bold seasoning for a comforting dining experience.,10.794455615439709,106.73526129020716,"43 Đ. 6, Ho Chi Minh City, Thủ Đức City, Ho Chi Minh City, VN",15:00–22:00,https://lh3.googleusercontent.com/p/AF1QipNh5TgE3buipEAXl8jAUOXVafhbHci1o1I2kaEh=w408-h306-k-no,https://lh3.googleusercontent.com/p/AF1QipM_waTa476DD-xN-1ryT_xoVKALhanUarBaKUHe=w408-h306-k-no,4.1,156,https://www.facebook.com/Pasteloa
Hue Delights Landmark 81,Casual dining,200000,"Known for signature dishes and local flavors, offering consistently flavorful dining.",10.79498407619117,106.72218535157859,"208 Nguyễn Hữu Cảnh, Ho Chi Minh City, Bình Thạnh, Ho Chi Minh City, VN",10:30–21:00,https://lh3.googleusercontent.com/gps-cs-s/AG0ilSxIA_GkTxCwQV5eQd5QiGP5ZYKdEkc1rP5O_x8jh4qda5uEq9uzyy-vboINtnnxUVXN8c1CWnNVBkHek0BFsGPWKkqWo1xEzNMSj2p78nzwjEJAFv24_rW4O73DgfzxLf9jVTOa=w408-h544-k-no,https://lh3.googleusercontent.com/gps-cs-s/AG0ilSyCawlPmK075TihsePU01EfTathRMRuFGBDJRGV13NOgcE4vEqpbeIfffDp7V1Jcq5MdeDTy1aGXUM-sYl2smbH0IMW_O0VB5Jq-sLXluRsAwAij916W4VL2PkcU3eNhnOPNMo7IMLlLlA=w408-h306-k-no,4.1,382,
Cơm Gà Hải Nam Yummy - Vincom Center Landmark 81,Casual dining,100000,signature dishes meets local flavors in dishes crafted to satisfy every guest.,10.79390914983036,106.72226604602857,"Vincom Center Landmark 81, 772 Điện Biên Phủ, Ho Chi Minh City, Bình Thạnh, Ho Chi Minh City, VN",08:00–20:00,https://lh3.googleusercontent.com/p/AF1QipOnVj7kX7lAddEJTGQcDr1L14ShObDCQC_m61GF=w408-h305-k-no,https://lh3.googleusercontent.com/p/AF1QipMbOobSmXggME0AkpUCbY5AYqpm6zEfHVk_FRg2=w408-h305-k-no,4.4,24,https://yummycomga.com/
Ussina Aging Beef & Bar,japanese,1000000,Japanese dishes meets umami flavors in dishes crafted to satisfy every guest.,10.795169381242463,106.7222355037,"Vincom Landmark 81, 720A Điện Biên Phủ, Ho Chi Minh City, Bình Thạnh, Ho Chi Minh City, VN",11:00–23:00,https://lh3.googleusercontent.com/gps-cs-s/AG0ilSz1vnCplSP9teLTbYuVXPccBmjSm1Vx26TSjkydaJ6IF2I10qjdlda1-jkcxSZkW7idILJxeSDHowIEV3dJBEsbhjah6vape749LrgHHY3ZlCl0_3CBf3glhu9CskF2DWXGdtMi=w408-h306-k-no,https://lh3.googleusercontent.com/p/AF1QipPsXVbzOvdV1kdzcAbpiThcL5einmrtTyJ8ri1s=w408-h408-k-no,4.7,1173,https://ussinavietnam.vn/?utm_medium=GB&utm_source=GB&utm_source=GB
Quán ăn Hùng Ký,Casual dining,200000,"signature dishes combined with local flavors to create satisfying, memorable meals.",10.752676038953641,106.66577628465625,"218F Trần Hưng Đạo, Ho Chi Minh City, District 5, Ho Chi Minh City, VN",17:00–21:00,https://lh3.googleusercontent.com/gps-cs-s/AG0ilSyhKQj9C8FULFbKcCp0AXuiRUs7sTgaPAlvlRzrqXb1KEmtaECOMfRaFWeE2i3S_FdXxDvELiHGtuBdBxNRIsb26YsIxfJwhKg5VfslaxmJYE7w_lcuXrDOmweRDr2rP5yAC54-=w408-h272-k-no,https://lh3.googleusercontent.com/gps-cs-s/AG0ilSynOCv39Q7YL2LaVPNlsrlAua2zHLN__Ix8hHvzFx-ExvpGn7raPuCPJm3XxyBw6Kiky8g7Zn_mtkmuP1DdK1d4S2Z5jjRmrToKgaOsplSGTUbCHJFQPyXnpkUYKFcwBiGANBL1RS0MCJU=w408-h544-k-no,3.4,94,
港式茶餐厅 - Cha Chaan Teng,Casual dining,200000,signature dishes meets local flavors in dishes crafted to satisfy every guest.,10.752252484517486,106.66565539999999,"28 Đ. Phan Phú Tiên, Ho Chi Minh City, District 5, Ho Chi Minh City, VN",17:00–22:00,https://lh3.googleusercontent.com/p/AF1QipO0opqLVmsnXrNM7R0z_SmujGjQzxF5c6Jlvn3r=w408-h306-k-no,https://lh3.googleusercontent.com/p/AF1QipOGKOmN8ZnmuYaIoEj1Mbmj0sgkM9FGjgL6COKA=w408-h306-k-no,3.6,15,
Tiến Cung Food,Casual dining,100000,Serving signature dishes alongside local flavors for a comforting dining experience.,10.791115390956552,106.73655057301566,"116 Số 11, Ho Chi Minh City, Thủ Đức City, Ho Chi Minh City, VN",08:00–21:30,https://lh3.googleusercontent.com/p/AF1QipP36OrHT3lPFa-Pbev28j__W1ZTuSOwwDkLvQsv=w408-h506-k-no,https://lh3.googleusercontent.com/p/AF1QipOW1NUj7-NQW72bNM_ogvJ1GGtieTLUe2-h-bji=w408-h408-k-no,4.1,47,
Nhà hàng Lá Chanh,vietnamese,100000,"Celebrated for Vietnamese dishes and herbal flavors, prepared with careful attention.",10.763014771047853,106.68249312492702,"92 Nguyễn Hữu Cảnh, Ho Chi Minh City, District 3, Ho Chi Minh City, VN",07:00–22:00,https://lh3.googleusercontent.com/gps-cs-s/AG0ilSyGFsAm6o9UTNon3kHaeStNZkr_DzwM7sdhvMpohcRWXfZFxpVSPcXPknPvDgaPBQgp7zRIVWg_vOdubGC6Sj8sQpKUbS8moedt3IA0K3gk5ZWs399muwiH2E4w2-m7-VmbTtZ8NgKrU_d7=w408-h544-k-no,https://lh3.googleusercontent.com/gps-cs-s/AG0ilSwFCe5MtbZXkt2fAPaHJoD3pHa2vSTGetcxgEacw3RUP_rNET9-8QQJxYTGdpkCGqBxsscvfJbVXka_N6UZv9udwOwRVLsk58PebUtVXWWTjY4rspiZkfkEPQZINyVJ8Aiwf4IO=w408-h544-k-no,3.5,11,